filename,lyrics,goal_label,llm_label
22,"It feels like a perfect night To dress up like hipsters And make fun of our exes Uh-uh, uh-uh It feels like a perfect night For breakfast at midnight To fall in love with strangers Uh-uh, uh-uh  Yeah We're happy, free, confused and lonely at the same time It's miserable and magical, oh, yeah Tonight's the night when we forget about the deadlines It's time, oh-oh I don't know about you But I'm feeling twenty-two Everything will be alright if You keep me next to you You don't know about me But I'll bet you want to Everything will be alright if We just keep dancing like we're Twenty-two, twenty-two  It seems like one of those nights This place is too crowded Too many cool kids Uh-uh, uh-uh (Who's Taylor Swift, anyway? Ew) It seems like one of those nights We ditch the whole scene And end up dreamin' Instead of sleeping  Yeah We're happy, free, confused and lonely in the best way It's miserable and magical, oh, yeah Tonight's the night when we forget about the heartbreaks It's time, oh-oh (Hey!) I don't know about you But I'm feeling twenty-two Everything will be alright if (Ooh) You keep me next to you You don't know about me But I'll bet you want to Everything will be alright if (Alright) We just keep dancing like we're Twenty-two (Oh-oh-oh-oh, oh), twenty-two (I don't know about you) Twenty-two, twenty-two (Ooh)  It feels like one of those nights We ditch the whole scene It feels like one of those nights We won't be sleepin' It feels like one of those nights You look like bad news I gotta have you I gotta have you (You) Woah, ooh, yeah, eh-yeah  (Hey!) I don't know about you (I don't know about you) But I'm feeling twenty-two Everything will be alright if (Ooh) You keep me next to you You don't know about me (You don't know about me) But I'll bet you want to Everything will be alright if We just keep dancing like we're (Dancing like we're twenty-two) Twenty-two (Woah-oh), twenty-two (Dancing like) Twenty-two (Yeah, yeah), twenty-two (Yeah, yeah, yeah) It feels like one of those nights (Twenty-two) We ditch the whole scene It feels like one of those nights (Twenty-two) We won't be sleeping It feels like one of those nights (Twenty-two) You look like bad news I gotta have you I gotta have you",unrelated to love,unrelated to love
AllTooWell,"I walked through the door with you, the air was cold But something 'bout it felt like home somehow And I left my scarf there at your sister's house And you've still got it in your drawer, even now  Oh, your sweet disposition and my wide-eyed gaze We're singing in the car, getting lost upstate Autumn leaves falling down like pieces into place And I can picture it after all these days And I know it's long gone and That magic's not here no more And I might be okay, but I'm not fine at all Oh, oh, oh  'Cause there we are again on that little town street You almost ran the red 'cause you were lookin' over at me Wind in my hair, I was there I remember it all too well  Photo album on the counter, your cheeks were turning red You used to be a little kid with glasses in a twin-sized bed And your mother's telling stories 'bout you on the tee-ball team You taught me 'bout your past, thinking your future was me  And I know it's long gone and There was nothing else I could do And I forget about you long enough To forget why I needed to 'Cause there we are again in the middle of the night We're dancing ‘round the kitchen in the refrigerator light Down the stairs, I was there I remember it all too well, yeah Well, maybe we got lost in translation Maybe I asked for too much But maybe this thing was a masterpiece 'Til you tore it all up Running scared, I was there I remember it all too well And you call me up again Just to break me like a promise So casually cruel in the name of being honest I'm a crumpled up piece of paper lying here 'Cause I remember it all, all, all Too well  Time won't fly, it's like I'm paralyzed by it I'd like to be my old self again, but I'm still trying to find it After plaid shirt days and nights when you made me your own Now, you mail back my things and I walk home alone But you keep my old scarf from that very first week 'Cause it reminds you of innocence and it smells like me You can't get rid of it 'Cause you remember it all too well, yeah  'Cause there we are again when I loved you so Back before you lost the one real thing you've ever known It was rare, I was there I remember it all too well Wind in my hair, you were there You remember it all Down the stairs, you were there You remember it all It was rare, I was there I remember it all too well1",broken up,yearning
BeginAgain,"Took a deep breath in the mirror He didn't like it when I wore high heels But I do Turn the lock and put my headphones on He always said he didn't get this song But I do, I do  I walked in, expecting you'd be late But you got here early and you stand and wave I walk to you You pull my chair out and help me in And you don't know how nice that is But I do And you throw your head back laughin' like a little kid I think it's strange that you think I'm funny 'cause he never did I've been spending the last eight months Thinkin' all love ever does is break and burn and end But on a Wednesday, in a café, I watched it begin again  You said you never met one girl who Had as many James Taylor records as you But I do We tell stories and you don't know why I'm comin' off a little shy But I do  But you throw your head back laughin' like a little kid I think it's strange that you think I'm funny 'cause he never did I've been spending the last eight months Thinkin' all love ever does is break and burn and end But on a Wednesday, in a café, I watched it begin again  And we walked down the block to my car And I almost brought him up But you start to talk about the movies That your family watches every single Christmas And I wanna talk about that And for the first time, what's past is past 'Cause you throw your head back laughin' like a little kid I think it's strange that you think I'm funny 'cause he never did I've been spending the last eight months Thinkin' all love ever does is break and burn and end But on a Wednesday, in a café, I watched it begin again  Hmm, hmm But on a Wednesday, in a café, I watched it begin again",happily in love,happily in love
ComeBackBeHere,"You said it in a simple way 4 a.m. the second day How strange that I don't know you at all Stumbled through the long goodbye One last kiss, then catch your flight Right when I was just about to fall  I told myself, don't get attached But in my mind, I play it back Spinning faster than the plane that took you And this is when the feeling sinks in I don't wanna miss you like this Come back, be here, come back, be here I guess you're in New York today I don't wanna need you this way Come back, be here, come back, be here  The delicate beginning rush The feeling you can know so much Without knowing anything at all And now that I can put this down If I had known what I know now I never would've played so nonchalant  Taxi cabs and busy streets That never bring you back to me I can't help but wish you took me with you  And this is when the feeling sinks in I don't wanna miss you like this Come back, be here, come back, be here I guess you're in London today And I don't wanna need you this way Come back, be here, come back, be here This is falling in love in the cruelest way This is falling for you when you are worlds away In New York, be here But you're in London, and I break down 'Cause it's not fair that you're not around  This is when the feeling sinks in I don't wanna miss you like this Come back, be here, come back, be here I guess you're in New York today And I don't wanna need you this way Come back, be here, come back, be here  Oh-oh, oh-oh I don't wanna miss you like this Oh-oh, oh-oh Come back, be here Come back, be here",yearning,broken up
EverythingHasChanged,"(You good to go?)  All I knew this morning when I woke Is I know something now Know something now I didn't before And all I've seen since 18 hours ago Is green eyes and freckles and your smile In the back of my mind, making me feel like I just wanna know you better Know you better, know you better now I just wanna know you better Know you better, know you better now I just wanna know you better Know you better, know you better now I just wanna know you, know you, know you  'Cause all I know is we said, ""Hello"" And your eyes look like coming home All I know is a simple name And everything has changed All I know is you held the door You'll be mine and I'll be yours All I know since yesterday Is everything has changed  And all my walls stood tall, painted blue And I'll take 'em down, take 'em down And open up the door for you And all I feel in my stomach is butterflies The beautiful kind, making up for lost time Taking flight, making me feel right I just wanna know you better Know you better, know you better now I just wanna know you better Know you better, know you better now I just wanna know you better Know you better, know you better now I just wanna know you, know you, know you  'Cause all I know is we said, ""Hello"" And your eyes look like coming home All I know is a simple name And everything has changed All I know is you held the door You'll be mine and I'll be yours All I know since yesterday Is everything has changed  Come back and tell me why I'm feeling like I've missed you all this time And meet me there tonight And let me know that it's not all in my mind I just wanna know you better Know you better, know you better now I just wanna know you, know you, know you 'Cause all I know is we said, ""Hello"" And your eyes look like coming home All I know is a simple name And everything has changed All I know is you held the door You'll be mine and I'll be yours All I know since yesterday Is everything has changed  All I know is we said, ""Hello"" So dust off your highest hopes All I know is pouring rain And everything has changed All I know is a new found grace All my days, I'll know your face All I know since yesterday Is everything has changed",happily in love,happily in love
GirlatHome,"Don't look at me, you got a girl at home And everybody knows that, everybody knows that, ah-ah Don't look at me, you got a girl at home And everybody knows that  I don't even know her But I feel a responsibility To do what's upstanding and right It's kinda like a code, yeah And you've been getting closer and closer And crossing so many lines And it would be a fine proposition If I was a stupid girl But, honey, I am no one's exception This, I have previously learned  So don't look at me, you got a girl at home And everybody knows that, everybody knows that, ah-ah Don't look at me, you got a girl at home And everybody knows that, everybody knows that I see you turn off your phone And now you've got me alone, and I say Don't look at me, you got a girl at home And everybody knows that, everybody knows that  I just want to make sure You understand perfectly You're the kind of man who makes me sad While she waits up You chase down the newest thing And take for granted what you have  And it would be a fine proposition If I was a stupid girl And, yeah, I might go with it If I hadn't once been just like her So don't look at me, you got a girl at home And everybody knows that, everybody knows that, ah-ah Don't look at me, you got a girl at home And everybody knows that, everybody knows that I see you turn off your phone And now you've got me alone, and I say Don't look at me, you got a girl at home And everybody knows that, everybody knows that  Oh-oh-oh, oh-oh-oh Oh-oh-oh, oh-oh-oh  Call a cab, lose my number You're about to lose your girl Call a cab, lose my number Let's consider this lesson learned  Don't look at me, you got a girl at home And everybody knows that, everybody knows that, ah-ah Don't look at me, you got a girl at home And everybody knows that, everybody knows that Want to see you pick up your phone And tell her you're coming home Don't look at me, you got a girl at home And everybody knows that, everybody knows that Don't look at me, you got a girl at home And everybody knows that, everybody knows that It would be a fine proposition If I hadn't once been just like her",revenge empowerment,revenge empowerment
HolyGround,"I was reminiscing just the other day While having coffee all alone, and Lord, it took me away Back to a first-glance feeling on New York time Back when you fit in my poems like a perfect rhyme Took off faster than a green light, go Hey, you skip the conversation when you already know I left a note on the door with a joke we'd made And that was the first day  And darling, it was good Never looking down And right there where we stood Was holy ground Spinning like a girl in a brand new dress We had this big wide city all to ourselves We blocked the noise with the sound of, ""I need you"" And for the first time, I had something to lose And I guess we fell apart in the usual way And the story's got dust on every page But sometimes, I wonder how you think about it now And I see your face in every crowd  'Cause darling, it was good Never looking down And right there where we stood Was holy ground  Tonight, I'm gonna dance For all that we've been through But I don't wanna dance If I'm not dancing with you Tonight, I'm gonna dance Like you were in this room But I don't wanna dance If I'm not dancing with you It was good Never looking down And right there where we stood Was holy ground  Tonight, I'm gonna dance For all that we've been through But I don't wanna dance If I'm not dancing with you Tonight, I'm gonna dance Like you were in this room But I don't wanna dance If I'm not dancing with you",happily in love,yearning
IAlmostDo,"I bet this time of night, you’re still up I bet you’re tired from a long hard week I bet you’re sittin' in your chair by the window Looking out at the city, and I bet Sometimes, you wonder 'bout me  And I just wanna tell you It takes everything in me not to call you And I wish I could run to you And I hope you know that Every time I don’t, I almost do, I almost do I bet you think I either moved on or hate you ‘Cause each time you reach out, there’s no reply I bet it never, ever occurred to you That I can’t say hello to you and risk another goodbye  And I just wanna tell you It takes everything in me not to call you And I wish I could run to you And I hope you know that Every time I don’t, I almost do, I almost do  Oh, we made quite a mess, babe It’s probably better off this way And I confess, babe In my dreams, you’re touching my face And asking me if I want to try again with you And I almost do  And I just wanna tell you It takes everything in me not to call you And I wish I could run to you And I hope you know that Every time I don’t, I almost do, I almost do I bet this time of night, you’re still up I bet you’re tired from a long hard week I bet you’re sittin' in your chair by the window Looking out at the city, and I hope Sometimes, you wonder 'bout me",yearning,yearning
IKnewYouWereTrouble," Once upon a time, a few mistakes ago I was in your sights, you got me alone You found me, you found me You found me-e-e-e-e I guess you didn't care, and I guess I liked that And when I fell hard, you took a step back Without me, without me Without me-e-e-e-e And he's long gone when he's next to me And I realize the blame is on me  'Cause I knew you were trouble when you walked in So shame on me now Flew me to places I'd never been 'Til you put me down, oh I knew you were trouble when you walked in So shame on me now Flew me to places I'd never been Now, I'm lying on the cold, hard ground  Oh, oh-oh Trouble, trouble, trouble Oh, oh-oh Trouble, trouble, trouble  No apologies, he'll never see you cry Pretends he doesn't know that he's the reason why You're drowning, you're drowning You're drowning-ing-ing-ing-ing And I heard you moved on from whispers on the street A new notch in your belt is all I'll ever be And now, I see, now, I see Now, I see-e-e-e-e He was long gone when he met me And I realize the joke is on me, yeah  I knew you were trouble when you walked in (Oh) So shame on me now Flew me to places I'd never been 'Til you put me down, oh I knew you were trouble when you walked in So shame on me now Flew me to places I'd never been (Yeah) Now, I'm lying on the cold, hard ground  Oh, oh-oh Trouble, trouble, trouble (Yeah, trouble) Oh, oh-oh Trouble, trouble, trouble  And the saddest fear Comes creeping in That you never loved me Or her, or anyone, or anything, yeah I knew you were trouble when you walked in So shame on me now Flew me to places I'd never been (Never been) 'Til you put me down, oh I knew you were trouble when you walked in (Knew it right there) So shame on me now (Knew it right there) Flew me to places I'd never been (Ooh) Now, I'm lying on the cold, hard ground  Oh, oh-oh Trouble, trouble, trouble (Oh) Oh, oh-oh Trouble, trouble, trouble I knew you were trouble when you walked in Trouble, trouble, trouble I knew you were trouble when you walked in Trouble, trouble, trouble",revenge empowerment,revenge empowerment
Red,"Loving him is like driving a new Maserati down a dead-end street Faster than the wind, passionate as sin, ending so suddenly Loving him is like trying to change your mind once you're already flying through the free fall Like the colors in autumn, so bright just before they lose it all  Losing him was blue like I'd never known Missing him was dark gray, all alone Forgetting him was like trying to know somebody you've never met But loving him was red (Red, red) (Red, red) Loving him was red (Red, red) (Red, red)  Touching him was like realizing all you ever wanted was right there in front of you Memorizing him was as easy as knowing all the words to your old favorite song Fighting with him was like trying to solve a crossword and realizing there's no right answer Regretting him was like wishing you never found out that love could be that strong  Losing him was blue like I'd never known Missing him was dark gray, all alone (Whoa) Forgetting him was like trying to know somebody you've never met But loving him was red  (Red, red) Oh, red (Red, red) Burning red (Red, red) (Red, red)  Remembering him comes in flashbacks and echoes Tell myself it's time now, gotta let go But moving on from him is impossible When I still see it all in my head In burning red Burning, it was red Oh, losing him was blue like I'd never known Missing him was dark gray, all alone (Whoa) Forgetting him was like trying to know somebody you've never met 'Cause loving him was red  (Red, red) Yeah, yeah, red (Red, red) Burning red (Red, red) (Red, red)  And that's why (Red, red) he's spinning 'round in my head Comes back to me (Red, red), burning red (Red, red) Yeah, yeah (Red, red)  His love was like driving a new Maserati down a dead-end street1",yearning,yearning
SadBeautifulTragic,"Long handwritten note deep in your pocket Words, how little they mean when you're a little too late I stood right by the tracks, your face in a locket Good girls, hopeful they'll be and long they will wait  We had a beautiful magic love there What a sad, beautiful, tragic love affair  In dreams, I meet you in warm conversation We both wake in lonely beds, different cities And time is taking its sweet time erasing you And you've got your demons, and darling, they all look like me 'Cause we had a beautiful magic love there What a sad, beautiful, tragic love affair  Distance, timing Breakdown, fighting Silence, the train runs off its tracks Kiss me, try to fix it Could you just try to listen? Hang up, give up And for the life of us we can't get back  A beautiful, magic love there What a sad, beautiful, tragic Beautiful, tragic, beautiful  What we had, a beautiful magic love there What a sad, beautiful, tragic, love affair We had a beautiful magic love there What a sad, beautiful, tragic love affairYou might also like",broken up,broken up
Starlight,"I said, ""Oh, my, what a marvelous tune"" It was the best night, never would forget how he moved The whole place was dressed to the nines And we were dancing, dancing Like we're made of starlight Like we're made of starlight  I met Bobby on the boardwalk, summer of '45 Picked me up, late one night out the window We were 17 and crazy, running wild, wild Can't remember what song it was playing when we walked in The night we snuck into a yacht club party Pretending to be a duchess and a prince And I said, ""Oh, my, what a marvelous tune"" It was the best night, never would forget how he moved The whole place was dressed to the nines And we were dancing, dancing Like we're made of starlight, starlight Like we're made of starlight, starlight  He said, “Look at you, worrying too much about things you can't change You'll spend your whole life singing the blues if you keep thinking that way"" He was trying to skip rocks on the ocean, saying to me ""Don't you see the starlight, starlight? Don't you dream impossible things?""  Like, ""Oh, my, what a marvelous tune"" It was the best night, never would forget how he moved The whole place was dressed to the nines And we were dancing, dancing Like we're made of starlight, starlight Like we're made of starlight, starlight  Ooh-ooh, he's talking crazy Ooh-ooh, dancing with me Ooh-ooh, we could get married Have ten kids and teach 'em how to dream  Oh, my, what a marvelous tune It was the best night, never would forget how he moved The whole place was dressed to the nines And we were dancing, dancing Like we're made of starlight, starlight Like we're made of starlight, starlight  Like we're made of starlight, starlight Like we dream impossible dreams Like starlight, starlight Like we dream impossible dreams  Don't you see the starlight, starlight? Don't you dream impossible things?",happily in love,happily in love
StateofGrace,"I'm walking fast through the traffic lights Busy streets and busy lives And all we know is touch and go We are alone with our changing minds We fall in love 'til it hurts or bleeds Or fades in time  And I never (Never) Saw you coming And I’ll never (Never) Be the same You come around and the armor falls Pierce the room like a cannonball Now, all we know is don’t let go We are alone, just you and me Up in your room and our slates are clean Just twin fire signs, four blue eyes  So you were never a saint And I've loved in shades of wrong We learn to live with the pain Mosaic broken hearts But this love is brave and wild  And I never (Never) Saw you coming And I’ll never (Never) Be the same  This is a state of grace This is the worthwhile fight Love is a ruthless game Unless you play it good and right These are the hands of fate You’re my Achilles heel This is the golden age Of something good and right and real And I never (Never) Saw you coming And I’ll never Be the same  And I never (Never) Saw you coming And I’ll never (So you were never a saint) (And I've loved in shades of wrong) Be the same (We learn to live with the pain) (Mosaic broken hearts) (But this love is brave and wild)  This is a state of grace This is the worthwhile fight Love is a ruthless game Unless you play it good and right",happily in love,revenge empowerment
StayStayStay,"I'm pretty sure we almost broke up last night I threw my phone across the room, at you I was expecting some dramatic turn away But you stayed This morning, I said we should talk about it 'Cause I read you should never leave a fight unresolved That's when you came in wearing a football helmet And said, ""Okay, let's talk"" And I said Stay, stay, stay I've been loving you for quite some time, time, time You think that it's funny when I'm mad, mad, mad But I think that it's best if we both stay  Before you, I'd only dated self-indulgent takers Who took all of their problems out on me But you carry my groceries and now, I'm always laughing And I love you because you have given me No choice but to  Stay, stay, stay I've been loving you for quite some time, time, time You think that it's funny when I'm mad, mad, mad But I think that it's best if we both stay, stay, stay, stay  You took the time to memorize me My fears, my hopes, and dreams I just like hanging out with you all the time All those times that you didn't leave, it's been occurring to me I'd like to hang out with you for my whole life Stay and I'll be loving you for quite some time No one else is gonna love me when I get mad, mad, mad So I think that it's best if we both stay, stay Stay, stay, stay, stay!  Stay, stay, stay I've been loving you for quite some time, time, time You think that it's funny when I'm mad, mad, mad But I think that it's best if we both stay, stay Stay, stay, stay, stay!  Stay, stay, stay I've been loving you for quite some time, time, time You think that it's funny when I'm mad, mad, mad But I think that it's best if we both stay (Ha-ha-ha, it's so fun)",happily in love,happily in love
TheLastTime,"Find myself at your door Just like all those times before I’m not sure how I got there All roads, they lead me here I imagine you are home In your room, all alone And you open your eyes into mine And everything feels better  And right before your eyes I'm breaking, no past No reasons why Just you and me This is the last time I'm asking you this Put my name at the top of your list This is the last time I'm asking you why You break my heart in the blink of an eye (Eye, eye)  You find yourself at my door Just like all those times before You wear your best apology But I was there to watch you leave And all the times I let you in Just for you to go again Disappear when you come back Everything is better  And right before your eyes I'm aching, run fast Nowhere to hide Just you and me  This is the last time I'm asking you this Put my name at the top of your list This is the last time I'm asking you why You break my heart in the blink of an eye (Eye, eye)  This is the last time you tell me I've got it wrong This is the last time I say it's been you all along This is the last time I let you in my door This is the last time, I won't hurt you anymore Oh-ho, oh-ho, oh-ho, oh-ho Oh-ho, oh-ho, oh-ho, oh-ho This is the last time I'm asking you this Put my name at the top of your list This is the last time I'm asking you why You break my heart in the blink of an eye  This is the last time I'm asking you this (This is the last time I'm asking you this) Put my name at the top of your list (Put my name at the top of your list) This is the last time I'm asking you why (This is the last time I'm asking you why) You break my heart in the blink of an eye (You break my heart) This is the last time I'm asking you, last time I'm asking you Last time I'm asking you this This is the last time I'm asking you, last time I'm asking you Last time I'm asking you this This is the last time I'm asking you, last time I'm asking you Last time I'm asking you this This is the last time I'm asking you, last time I'm asking you Last time I'm asking you this",yearning,broken up
TheLuckyOne,"New to town with a made-up name In the angel's city, chasing fortune and fame And the camera flashes make it look like a dream You had it figured out since you were in school Everybody loves pretty, everybody loves cool So overnight, you look like a sixties queen  Another name goes up in lights Like diamonds in the sky And they’ll tell you now, you’re the lucky one Yeah, they’ll tell you now, you’re the lucky one But can you tell me now, you’re the lucky one? Oh, oh, oh  Now, it’s big black cars and Riviera views And your lover in the foyer doesn’t even know you And your secrets end up splashed on the news front page And they tell you that you’re lucky, but you’re so confused 'Cause you don’t feel pretty, you just feel used And all the young things line up to take your place  Another name goes up in lights You wonder if you’ll make it out alive  And they’ll tell you now, you’re the lucky one Yeah, they’ll tell you now, you’re the lucky one But can you tell me now, you’re the lucky one? Oh, oh, oh  It was a few years later, I showed up here And they still tell the legend of how you disappeared How you took the money and your dignity and got the hell out They say you bought a bunch of land somewhere Chose the rose garden over Madison Square And it took some time, but I understand it now 'Cause now my name is up in lights But I think you got it right  Let me tell you now, you’re the lucky one Let me tell you now, you’re the lucky one Let me tell you now, you’re the lucky one, oh, oh, oh And they’ll tell you now, you’re the lucky one Yeah, they’ll tell you now, you’re the lucky one And they’ll tell you now, you’re the lucky one, oh, oh, oh Oh, whoa, oh, oh",unrelated to love,unrelated to love
TheMomentIKnew,"You should've been there Should've burst through the door With that ""Baby, I'm right here"" smile And it would've felt like A million little shining stars had just aligned And I would've been so happy  Christmas lights glisten I've got my eye on the door Just waiting for you to walk in But the time is ticking People ask me how I've been As I comb back through my memory How you said you'd be here You said you'd be here And it was like slow motion Standing there in my party dress In red lipstick With no one to impress And they're all laughing As I'm looking around the room But there was one thing missing And that was the moment I knew  And the hours pass by Now I just wanna be alone But your close friends always seem to know When there's something really wrong So they follow me down the hall And there in the bathroom I try not to fall apart And the sinking feeling starts As I say hopelessly ""He said he'd be here""  And it was like slow motion Standing there in my party dress In red lipstick With no one to impress And they're all laughing And asking me about you But there was one thing missing (Missing) And that was the moment I knew What do you say When tears are streaming down your face In front of everyone you know? And what do you do When the one who means the most to you Is the one who didn't show?  You should've been here And I would've been so happy  And it was like slow motion Standing there in my party dress In red lipstick With no one to impress And they're all standing around me, singing ""Happy birthday to you"" But there was one thing missing And that was the moment I knew Oh-oh-oh-oh-oh-oh-oh, I knew Oh-oh-oh-oh-oh-oh-oh  You called me later And said, ""I'm sorry I didn't make it"" And I said, ""I'm sorry, too"" And that was the moment I knew",yearning,broken up
Treacherous,"Put your lips close to mine As long as they don't touch Out of focus, eye to eye 'Til the gravity's too much And I'll do anything you say If you say it with your hands And I'd be smart to walk away But you're quicksand  This slope is treacherous This path is reckless This slope is treacherous And I-I-I like it I can't decide if it's a choice Getting swept away I hear the sound of my own voice Asking you to stay And all we are is skin and bone Trained to get along Forever going with the flow But you're friction  This slope is treacherous This path is reckless This slope is treacherous I, I, I like it  Two headlights shine through the sleepless night And I will get you, get you alone Your name has echoed through my mind And I just think you should, think you should know That nothing safe is worth the drive And I would follow you, follow you home I'll follow you, follow you home  This hope is treacherous This daydream is dangerous This hope is treacherous I-I-I, I-I-I, I-I-I Two headlights shine through the sleepless night And I will get you, get you alone Your name has echoed through my mind And I just think you should, think you should know That nothing safe is worth the drive And I would follow you, follow you home I'll follow you, follow you home I'll follow you, follow you home I'll follow you, follow you home  This slope is treacherous I-I-I like it",forbidden love,revenge empowerment
WeAreNeverEverGettingBackTogether,"I remember when we broke up the first time Saying, ""This is it, I've had enough,"" 'cause like We hadn't seen each other in a month When you said you needed space (What?) Then you come around again and say ""Baby, I miss you and I swear I'm gonna change, trust me"" Remember how that lasted for a day? I say, ""I hate you,"" we break up, you call me, ""I love you""  Ooh-ooh-ooh-ooh-ooh We called it off again last night, but Ooh-ooh-ooh-ooh-ooh This time, I'm telling you, I'm telling you We are never, ever, ever getting back together We are never, ever, ever getting back together You go talk to your friends, talk to my friends, talk to me But we are never, ever, ever, ever getting back together Like, ever  I'm really gonna miss you picking fights And me falling for it, screaming that I'm right And you would hide away and find your peace of mind With some indie record that's much cooler than mine  Ooh-ooh-ooh-ooh-ooh You called me up again tonight, but Ooh-ooh-ooh-ooh-ooh This time, I'm telling you, I'm telling you  We (We) are never, ever, ever getting back together We are never, ever, ever getting back together You go talk to your friends, talk to my friends, talk to me (Talk to me) But we are never, ever, ever, ever getting back together  Ooh-ooh-ooh-ooh-ooh (Yeah) Ooh-ooh-ooh-ooh-ooh-ooh (Yeah) Ooh-ooh-ooh-ooh-ooh (Yeah) Oh-oh-oh I used to think that we were forever, ever And I used to say, ""Never say never"" Ugh, so he calls me up and he's like, ""I still love you"" And I'm like, ""I just, I mean, this is exhausting, you know? Like, we are never getting back together, like, ever""  (No) We are never, ever, ever getting back together We are never, ever, ever (Ooh) getting back together You go talk to your friends, talk to my friends, talk to me But we are never, ever, ever, ever getting back together  We (Ooh-ooh-ooh-ooh-ooh, ooh-ooh-ooh, no) Getting back together We (Ooh-ooh-ooh-ooh-ooh, oh, oh) Getting back together (Yeah) You go talk to your friends, talk to my friends, talk to me (Talk to me) But we are never, ever, ever, ever getting back together",broken up,broken up
Afterglow,"I blew things out of proportion, now you're blue Put you in jail for something you didn’t do I pinned your hands behind your back, oh Thought I had reason to attack, but no  Fighting with a true love is boxing with no gloves Chemistry 'til it blows up, 'til there’s no us Why'd I have to break what I love so much? It's on your face, and I'm to blame, I need to say Hey, it's all me, in my head I'm the one who burned us down But it's not what I meant Sorry that I hurt you I don't wanna do, I don’t wanna do this to you (Ooh) I don’t wanna lose, I don't wanna lose this with you (Ooh) I need to say, hey, it’s all me, just don't go Meet me in the afterglow  It's so excruciating to see you low Just wanna lift you up and not let you go This ultraviolet morning light below Tells me this love is worth the fight, oh  I lived like an island, punished you with silence Went off like sirens, just crying Why'd I have to break what I love so much? It’s on your face, don't walk away, I need to say  Hey, it's all me, in my head I'm the one who burned us down But it's not what I meant I'm sorry that I hurt you I don't wanna do, I don't wanna do this to you (Ooh) I don't wanna lose, I don't wanna lose this with you (Ooh) I need to say, hey, it's all me, just don't go Meet me in the afterglow Tell me that you're still mine Tell me that we'll be just fine Even when I lose my mind I need to say Tell me that it's not my fault Tell me that I'm all you want Even when I break your heart I need to say  Hey, it's all me, in my head I'm the one who burned us down But it's not what I meant Sorry that I hurt you I don't wanna do, I don't wanna do this to you (Ooh) I don't wanna lose, I don't wanna lose this with you (Ooh) I need to say, hey, it's all me, just don't go Meet me in the afterglow",forbidden love,yearning
CorneliaStreet,"We were in the backseat Drunk on something stronger than the drinks in the bar ""I rent a place on Cornelia Street"" I say casually in the car We were a fresh page on the desk Filling in the blanks as we go As if the street lights pointed in an arrow head Leading us home  And I hope I never lose you, hope it never ends I'd never walk Cornelia Street again That's the kinda heartbreak time could never mend I'd never walk Cornelia Street again And baby, I get mystified by how this city screams your name And baby, I'm so terrified of if you ever walk away I'd never walk Cornelia Street again I'd never walk Cornelia Street again Windows flung right open, autumn air Jacket 'round my shoulders is yours We bless the rains on Cornelia Street Memorize the creaks in the floor Back when we were card sharks, playing games I thought you were leading me on I packed my bags, left Cornelia Street Before you even knew I was gone  But then you called, showed your hand I turned around before I hit the tunnel Sat on the roof, you and I  I hope I never lose you, hope it never ends I'd never walk Cornelia Street again That's the kinda heartbreak time could never mend I'd never walk Cornelia Street again And baby, I get mystified by how this city screams your name (City screams your name) And baby, I'm so terrified of if you ever walk away I'd never walk Cornelia Street again I'd never walk Cornelia Street again You hold my hand on the street Walk me back to that apartment Years ago, we were just inside Barefoot in the kitchen Sacred new beginnings That became my religion, listen I hope I never lose you I'd never walk Cornelia Street again Oh, never again And baby, I get mystified by how this city screams your name (City screams your name) And baby, I'm so terrified of if you ever walk away I'd never walk Cornelia Street again I'd never walk Cornelia Street again  I don't wanna lose you (Hope it never ends) I'd never walk Cornelia Street again I don't wanna lose you (Yeah)  ""I rent a place on Cornelia Street"" I say casually in the car",happily in love,yearning
CruelSummer,"(Yeah, yeah, yeah, yeah)  Fever dream high in the quiet of the night You know that I caught it (Oh yeah, you're right, I want it) Bad, bad boy, shiny toy with a price You know that I bought it (Oh yeah, you're right, I want it)  Killing me slow, out the window I'm always waiting for you to be waiting below Devils roll the dice, angels roll their eyes What doesn't kill me makes me want you more And it's new, the shape of your body It's blue, the feeling I've got And it's ooh, whoa-oh It's a cruel summer It's cool, that's what I tell 'em No rules in breakable heaven But ooh, whoa-oh It's a cruel summer with you  Hang your head low in the glow of the vending machine I'm not dying (Oh yeah, you're right, I want it) We say that we'll just screw it up in these trying times We're not trying (Oh yeah, you're right, I want it)  So cut the headlights, summer's a knife I'm always waiting for you just to cut to the bone Devils roll the dice, angels roll their eyes And if I bleed, you'll be the last to know, oh  It's new, the shape of your body It's blue, the feeling I've got And it's ooh, whoa-oh It's a cruel summer It's cool, that's what I tell 'em No rules in breakable heaven But ooh, whoa-oh It's a cruel summer with you I'm drunk in the back of the car And I cried like a baby comin' home from the bar (Oh) Said, ""I'm fine,"" but it wasn't true I don't wanna keep secrets just to keep you And I snuck in through the garden gate Every night that summer just to seal my fate (Oh) And I scream, ""For whatever it's worth I love you, ain't that the worst thing you ever heard?"" He looks up, grinnin' like a devil  It's new, the shape of your body It's blue, the feeling I've got And it's ooh, whoa-oh It's a cruel summer It's cool, that's what I tell 'em No rules in breakable heaven But ooh, whoa-oh It's a cruel summer with you  I'm drunk in the back of the car And I cried like a baby comin' home from the bar (Oh) Said, ""I'm fine,"" but it wasn't true I don't wanna keep secrets just to keep you And I snuck in through the garden gate Every night that summer just to seal my fate (Oh) And I scream, ""For whatever it's worth I love you, ain't that the worst thing you ever heard?"" (Yeah, yeah, yeah, yeah)",yearning,revenge empowerment
Daylight,"My love was as cruel as the cities I lived in Everyone looked worse in the light There are so many lines that I've crossed unforgiven I'll tell you the truth, but never goodbye  I don't wanna look at anything else now that I saw you I don't wanna think of anything else now that I thought of you I've been sleeping so long in a 20-year dark night And now I see daylight, I only see daylight Luck of the draw only draws the unlucky And so I became the butt of the joke I wounded the good and I trusted the wicked Clearing the air, I breathed in the smoke Maybe you ran with the wolves and refused to settle down Maybe I've stormed out of every single room in this town Threw out our cloaks and our daggers because it's morning now It's brighter now, now  I don't wanna look at anything else now that I saw you (I can never look away) I don't wanna think of anything else now that I thought of you (Things will never be the same) I've been sleeping so long in a 20-year dark night (Now I'm wide awake) And now I see daylight (Daylight), I only see daylight (Daylight) I only see daylight, daylight, daylight, daylight I only see daylight, daylight, daylight, daylight  And I can still see it all (In my mind) All of you, all of me (Intertwined) I once believed love would be (Black and white) But it's golden (Golden) And I can still see it all (In my head) Back and forth from New York (Sneaking in your bed) I once believed love would be (Burning red) But it's golden Like daylight, like daylight Like daylight, daylight I don't wanna look at anything else now that I saw you (I can never look away) And I don't wanna think of anything else now that I thought of you (Things will never be the same) I've been sleeping so long in a 20-year dark night (Now I'm wide awake) And now I see daylight (I see daylight), I only see daylight (Ah) I only see daylight, daylight, daylight, daylight I only see daylight, daylight, daylight, daylight (Ah) (And I can still see it all) I only see daylight, daylight, daylight, daylight (And I can still see it all, back and forth from New York) I only see daylight, daylight, daylight, daylight (I once believed love would be burning red)  Like daylight It's golden like daylight You gotta step into the daylight and let it go Just let it go, let it go I wanna be defined by the things that I love Not the things I hate Not the things I'm afraid of, I'm afraid of Or the things that haunt me in the middle of the night I, I just think that You are what you love",yearning,revenge empowerment
DeathbyaThousandCuts,"My, my, my, my My, my, my, my My, my, my, my My, my, my, my My, my, my, my My, my, my, my My, my, my, my My, my, my, my  Saying goodbye is death by a thousand cuts Flashbacks waking me up I get drunk, but it's not enough ’Cause the morning comes and you're not my baby I look through the windows of this love Even though we boarded them up Chandelier's still flickering here ’Cause I can't pretend it's okay when it's not It's death by a thousand cuts I dress to kill my time, I take the long way home I ask the traffic lights if it'll be alright They say, ""I don't know"" And what once was ours is no one's now I see you everywhere, the only thing we share Is this small town You said it was a great love, one for the ages But if the story’s over, why am I still writing pages?  ’Cause saying goodbye is death by a thousand cuts Flashbacks waking me up I get drunk, but it's not enough ’Cause the morning comes and you're not my baby I look through the windows of this love Even though we boarded them up Chandelier's still flickering here 'Cause I can’t pretend it's okay when it's not It's death by a thousand cuts  My heart, my hips, my body, my love Tryna find a part of me that you didn't touch Gave up on me like I was a bad drug Now I'm searching for signs in a haunted club Our songs, our films, united we stand Our country, guess it was a lawless land Quiet my fears with the touch of your hand Paper cut stings from our paper-thin plans My time, my wine, my spirit, my trust Tryna find a part of me you didn't take up Gave you too much, but it wasn't enough But I'll be alright, it's just a thousand cuts I get drunk, but it's not enough 'Cause you're not my baby I look through the windows of this love Even though we boarded them up Chandelier's still flickering here 'Cause I can't pretend it's okay when it's not No, it's not It's death by a thousand cuts (You didn't touch)  Tryna find a part of me that you didn't touch My body, my love, my trust (It's death by a thousand cuts) But it wasn't enough, it wasn't enough, no, no  I take the long way home I ask the traffic lights if it'll be alright They say, ""I don't know""",broken up,revenge empowerment
FalseGod,"We were crazy to think Crazy to think that this could work Remember how I said I'd die for you? We were stupid to jump In the ocean separating us Remember how I’d fly to you?  And I can't talk to you when you're like this Staring out the window like I’m not your favorite town I'm New York City I still do it for you, babe They all warned us about times like this They say the road gets hard and you get lost When you're led by blind faith, blind faith But we might just get away with it Religion's in your lips Even if it's a false god We'd still worship We might just get away with it The altar is my hips Even if it's a false god We'd still worship this love We’d still worship this love We’d still worship this love  I know heaven's a thing I go there when you touch me, honey Hell is when I fight with you But we can patch it up good Make confessions and we’re begging for forgiveness Got the wine for you  And you can't talk to me when I'm like this Daring you to leave me just so I can try and scare you You're the West Village You still do it for me, babe They all warned us about times like this They say the road gets hard and you get lost When you’re led by blind faith, blind faith But we might just get away with it Religion's in your lips Even if it's a false god We'd still worship We might just get away with it The altar is my hips Even if it's a false god We'd still worship this love We'd still worship this love We'd still worship this love, ah  Still worship this love Even if it's a false god Even if it's a false god Still worship this love",forbidden love,yearning
IForgotThatYouExisted,"How many days did I spend thinking 'Bout how you did me wrong, wrong, wrong? Lived in the shade you were throwing 'Til all of my sunshine was gone, gone, gone And I couldn't get away from ya In my feelings more than Drake, so yeah Your name on my lips, tongue-tied Free rent, living in my mind  But then something happened one magical night I forgot that you existed And I thought that it would kill me, but it didn't And it was so nice So peaceful and quiet I forgot that you existed It isn't love, it isn't hate, it's just indifference I forgot that you  Got out some popcorn As soon as my rep started going down, down, down Laughed on the school yard As soon as I tripped up and hit the ground, ground, ground And I would've stuck around for ya Would've fought the whole town, so yeah Would've been right there, front row Even if nobody came to your show  But you showed who you are, then one magical night  I forgot that you existed And I thought that it would kill me, but it didn't And it was so nice So peaceful and quiet I forgot that you existed It isn't love, it isn't hate, it's just indifference I forgot that you Sent me a clear message Taught me some hard lessons I just forget what they were It's all just a blur  I forgot that you existed And I thought that it would kill me, but it didn't And it was so nice So peaceful and quiet I forgot that you existed I did, I did, I did It isn't hate, it's just indifference It isn't love, it isn't hate, it's just indifference So, yeah",broken up,broken up
IThinkHeKnows,"I think he knows His footprints on the sidewalk Lead to where I can't stop Go there every night I think he knows His hands around a cold glass Make me wanna know that Body like it's mine  He got that boyish look that I like in a man I am an architect, I'm drawing up the plans It's like I'm 17, nobody understands No one understands He got my heartbeat Skipping down 16th Avenue Got that, ah, I mean Wanna see what's under that attitude like I want you, bless my soul And I ain't gotta tell him, I think he knows I think he knows  I think he knows When we get all alone I'll make myself at home And he'll want me to stay I think he knows He'd better lock it down Or I won't stick around 'Cause good ones never wait (Ha)  He got that boyish look that I like in a man I am an architect, I'm drawing up the plans He's so obsessed with me and, boy, I understand Boy, I understand  He got my heartbeat (Heartbeat) Skipping down 16th Avenue Got that, ah, I mean (I mean) Wanna see what's under that attitude like I want you, bless my soul And I ain't gotta tell him, I think he knows I think he knows I want you, bless my I want you, bless my I want you, bless my I want you, bless my soul  Lyrical smile, indigo eyes, hand on my thigh We could follow the sparks, I'll drive Lyrical smile, indigo eyes, hand on my thigh We could follow the sparks, I'll drive ""So where we gonna go?"" I whisper in the dark ""Where we gonna go?"" I think he knows  He got my heartbeat (Heartbeat) Skipping down 16th Avenue (Baby) Got that, ah, I mean (I mean) Wanna see what's under that attitude like (Yeah) I want you, bless my soul And I ain't gotta tell him, I think he knows I think he knows  I want you, bless my I want you, bless my I want you, bless my (Oh, baby) I want you, bless my soul (He got my heartbeat) I want you, bless my (Skipping down 16th Avenue, baby) I want you, bless my I want you, bless my soul And I ain't gotta tell him, I think he knows",yearning,revenge empowerment
ItsNicetoHaveaFriend,"Ooh Ooh  School bell rings, walk me home Sidewalk chalk covered in snow Lost my gloves, you give me one ""Wanna hang out?"" Yeah, sounds like fun Video games, you pass me a note Sleeping in tents It's nice to have a friend (Ooh) It's nice to have a friend (Ooh)  Light pink sky, up on the roof Sun sinks down, no curfew 20 questions, we tell the truth You've been stressed out lately, yeah, me too Something gave you the nerve To touch my hand  It's nice to have a friend (Ooh) It's nice to have a friend (Ooh)   Church bells ring, carry me home Rice on the ground looks like snow Call my bluff, call you ""Babe"" Have my back, yeah, every day Feels like home, stay in bed The whole weekend It's nice to have a friend (Ooh) It's nice to have a friend (Ooh) It's nice to have a friend (Ooh) (Ooh)",yearning,unrelated to love
LondonBoy,"We can go drivin' in, on my scooter Uh, you know, just 'round London (Oh, I'd—)  I love my hometown as much as Motown, I love SoCal And you know I love Springsteen, faded blue jeans, Tennessee whiskey But somethin' happened, I heard him laughin' I saw the dimples first and then I heard the accent They say home is where the heart is But that's not where mine lives You know I love a London boy I enjoy walkin' Camden Market in the afternoon He likes my American smile, like a child when our eyes meet Darling, I fancy you Took me back to Highgate, met all of his best mates So I guess all the rumors are true You know I love a London boy Boy, I fancy you (Ooh)  And now I love high tea, stories from Uni, and the West End You can find me in the pub, we are watchin' rugby with his school friends Show me a gray sky, a rainy cab ride Babes, don't threaten me with a good time They say home is where the heart is But, God, I love the English  You know I love a London boy I enjoy nights in Brixton, Shoreditch in the afternoon He likes my American smile, like a child when our eyes meet Darling, I fancy you Took me back to Highgate, met all of his best mates So I guess all the rumors are true You know I love a London boy Boy, I fancy you So please show me Hackney Doesn't have to be Louis V up on Bond Street Just wanna be with you Wanna be with you Stick with me, I'm your queen Like a Tennessee Stella McCartney on the Heath Just wanna be with you (Wanna be with you) Wanna be with you, oh, woah  You know I love a London boy I enjoy walkin' Soho, drinkin' in the afternoon (Yeah) He likes my American smile, like a child when our eyes meet Darling, I fancy you (You) Took me back to Highgate, met all of his best mates So I guess all the rumors are true (Yeah) You know I love a London boy (Oh) Boy (Oh), I fancy you (I fancy you; ooh)  So please show me Hackney Doesn't have to be Louis V up on Bond Street Just wanna be with you (Ooh) I, oh, I, I fancy you, oh, woah-ah-ah (Ooh) Stick with me, I'm your queen Like a Tennessee Stella McCartney on the Heath Just wanna be with you (Ooh), wanna be with you I fancy you (Yeah), I fancy you, ah-ah (Ooh)",happily in love,yearning
Lover,"We could leave the Christmas lights up 'til January And this is our place, we make the rules And there's a dazzling haze, a mysterious way about you, dear Have I known you twenty seconds or twenty years? Can I go where you go? Can we always be this close? Forever and ever, ah Take me out and take me home You're my, my, my, my lover We could let our friends crash in the living room This is our place, we make the call And I'm highly suspicious that everyone who sees you wants you I've loved you three summers now, honey, but I want 'em all Can I go where you go? Can we always be this close? Forever and ever, ah Take me out and take me home (Forever and ever) You're my, my, my, my lover  Ladies and gentlemen, will you please stand? With every guitar string scar on my hand I take this magnetic force of a man to be my lover My heart's been borrowed and yours has been blue All's well that ends well to end up with you Swear to be overdramatic and true to my lover And you'll save all your dirtiest jokes for me And at every table, I'll save you a seat, lover Can I go where you go? Can we always be this close? Forever and ever, ah Take me out and take me home (Forever and ever) You're my, my, my, my Oh, you're my, my, my, my Darling, you're my, my, my, my loverYou might also like1",happily in love,happily in love
ME_,"I promise that you'll never find another like me  I know that I'm a handful, baby, uh I know I never think before I jump And you're the kinda guy the ladies want (And there's a lotta cool chicks out there) I know that I went psycho on the phone I never leave well enough alone And trouble's gonna follow where I go (And there's a lotta cool chicks out there) But one of these things is not like the others Like a rainbow with all of the colors Baby doll, when it comes to a lover I promise that you'll never find another like  Me-e-e, ooh-ooh-ooh-ooh I'm the only one of me Baby, that's the fun of me Eeh-eeh-eeh, ooh-ooh-ooh-ooh You're the only one of you Baby, that's the fun of you And I promise that nobody's gonna love you like me-e-e  I know I tend to make it about me I know you never get just what you see But I will never bore you, baby (And there's a lotta lame guys out there) And when we had that fight out in the rain You ran after me and called my name I never wanna see you walk away (And there's a lotta lame guys out there)  'Cause one of these things is not like the others Livin' in winter, I am your summer Baby doll, when it comes to a lover I promise that you'll never find another like Me-e-e, ooh-ooh-ooh-ooh I'm the only one of me Let me keep you company Eeh-eeh-eeh, ooh-ooh-ooh-ooh You're the only one of you Baby, that's the fun of you And I promise that nobody's gonna love you like me-e-e  Girl, there ain't no ""I"" in ""team"" But you know there is a ""me"" Strike the band up, one, two, three I promise that you'll never find another like me Girl, there ain't no ""I"" in ""team"" But you know there is a ""me"" And you can't spell ""awesome"" without ""me"" I promise that you'll never find another like  Me-e-e (Yeah), ooh-ooh-ooh-ooh (And I want ya, baby) I'm the only one of me (I'm the only one of me) Baby, that's the fun of me (Baby, that's the fun of me) Eeh-eeh-eeh, ooh-ooh-ooh-ooh (Oh) You're the only one of you (Oh) Baby, that's the fun of you And I promise that nobody's gonna love you like me-e-e Girl, there ain't no ""I"" in ""team"" (Ooh-ooh-ooh-ooh) But you know there is a ""me"" I'm the only one of me (Oh-oh) Baby, that's the fun of me (Eeh-eeh-eeh, ooh-ooh-ooh-ooh) Strike the band up, one, two, three You can't spell ""awesome"" without ""me"" You're the only one of you (Yeah, yeah) Baby, that's the fun of you And I promise that nobody's gonna love you like me-e-e1",happily in love,happily in love
MissAmericana_TheHeartbreakPrince,"You know I adore you, I'm crazier for you Than I was at 16, lost in a film scene Waving homecoming queens, marching band playing I'm lost in the lights American glory faded before me Now I'm feeling hopeless, ripped up my prom dress Running through rose thorns, I saw the scoreboard And ran for my life (Ah)  No cameras catch my pageant smile I counted days, I counted miles To see you there, to see you there It's been a long time coming, but It's you and me, that's my whole world They whisper in the hallway, ""She's a bad, bad girl"" (Okay) The whole school is rolling fake dice You play stupid games, you win stupid prizes It's you and me, there's nothing like this Miss Americana and The Heartbreak Prince (Okay) We're so sad, we paint the town blue Voted most likely to run away with you  My team is losing, battered and bruising I see the high fives between the bad guys Leave with my head hung, you are the only one Who seems to care American stories burning before me I'm feeling helpless, the damsels are depressed Boys will be boys then, where are the wise men? Darling, I'm scared (Ah)  No cameras catch my muffled cries I counted days, I counted miles To see you there, to see you there And now the storm is coming, but It's you and me, that's my whole world They whisper in the hallway, ""She's a bad, bad girl"" (Okay) The whole school is rolling fake dice You play stupid games, you win stupid prizes It's you and me, there's nothing like this Miss Americana and The Heartbreak Prince (Okay) We're so sad, we paint the town blue Voted most likely to run away with you  And I don't want you to (Go), I don't really wanna (Fight) 'Cause nobody's gonna (Win), I think you should come home And I don't want you to (Go), I don't really wanna (Fight) 'Cause nobody's gonna (Win), I think you should come home And I don't want you to (Go), I don't really wanna (Fight) 'Cause nobody's gonna (Win), just thought you should know And I'll never let you (Go) 'cause I know this is a (Fight) That someday we're gonna (Win)  It's you and me, that's my whole world They whisper in the hallway, ""She's a bad, bad girl"" Oh, I just thought you should know (You should know) It's you and me, there's nothing like this (Like this) Miss Americana and The Heartbreak Prince (Okay) We're so sad, we paint the town blue (Paint it blue) Voted most likely to run away with you And I don't want you to (Go), I don't really wanna (Fight) 'Cause nobody's gonna (Win), I think you should come home And I'll never let you (Go) 'cause I know this is a (Fight) That someday we're gonna (Win), just thought you should know  It's you and me, that's my whole world They whisper in the hallway, ""She's a bad, bad girl"" ""She's a bad, bad girl""",happily in love,revenge empowerment
PaperRings,"The moon is high Like your friends were the night that we first met Went home and tried to stalk you on the internet Now I've read all of the books beside your bed The wine is cold Like the shoulder that I gave you in the street Cat and mouse for a month or two or three Now I wake up in the night and watch you breathe  (Ayy) Kiss me once 'cause you know I had a long night (Oh) Kiss me twice 'cause it's gonna be alright (Uh) Three times 'cause I waited my whole life (1, 2, 1, 2, 3, 4) I like shiny things, but I'd marry you with paper rings Uh huh, that's right Darling, you're the one I want, and I hate accidents except when we went from friends to this Uh huh, that's right Darling, you're the one I want In paper rings, in picture frames, in dirty dreams Oh, you're the one I want  In the winter, in the icy outdoor pool When you jumped in first, I went in too I'm with you even if it makes me blue Which takes me back To the color that we painted your brother's wall Honey, without all the exes, fights, and flaws We wouldn't be standing here so tall, so  (Ayy) Kiss you once 'cause I know you had a long night (Oh) Kiss you twice 'cause it's gonna be alright (Uh) Three times 'cause you waited your whole life (1, 2, 1, 2, 3, 4) Ah I like shiny things, but I'd marry you with paper rings Uh huh, that's right Darling, you're the one I want, and I hate accidents except when we went from friends to this Uh huh, that's right Darling, you're the one I want In paper rings, in picture frames, in dirty dreams Oh, you're the one I want  I want to drive away with you I want your complications too I want your dreary Mondays Wrap your arms around me, baby boy I want to drive away with you I want your complications too I want your dreary Mondays Wrap your arms around me, baby boy Uh huh  I like shiny things, but I'd marry you with paper rings Ah-ah, that's right, you're the one I want I hate accidents except when we went from friends to this Ah-ah, darling, you're the one I want I like shiny things, but I'd marry you with paper rings Uh huh, that's right Darling, you're the one I want, and I hate accidents except when we went from friends to this Uh huh, that's right Darling, you're the one I want In paper rings, in picture frames, in all my dreams You're the one I want In paper rings, in picture frames, in all my dreams Oh, you're the one I want You're the one I want, one I want You're the one I want, one I want",happily in love,happily in love
SoonYoullGetBetter,"The buttons of my coat were tangled in my hair In doctor's office lighting, I didn't tell you I was scared That was the first time we were there Holy orange bottles, each night, I pray to you Desperate people find faith, so now I pray to Jesus too And I say to you...  Ooh-ah Soon, you'll get better Ooh-ah Soon, you'll get better Ooh-ah You'll get better soon 'Cause you have to I know delusion when I see it in the mirror You like the nicer nurses, you make the best of a bad deal I just pretend it isn't real I'll paint the kitchen neon, I'll brighten up the sky I know I'll never get it, there's not a day that I won't try And I say to you...  Ooh-ah Soon, you'll get better Ooh-ah Soon, you'll get better Ooh-ah You'll get better soon 'Cause you have to  And I hate to make this all about me But who am I supposed to talk to? What am I supposed to do If there's no you?  This won't go back to normal, if it ever was It's been years of hoping, and I keep saying it because 'Cause I have to Ooh-ah You'll get better Ooh-ah Soon, you'll get better Ooh-ah You'll get better soon Ooh-ah Soon, you'll get better Ooh-ah Soon, you'll get better Ooh-ah You'll get better soon 'Cause you have to",unrelated to love,yearning
TheArcher,"Combat, I'm ready for combat I say I don't want that, but what if I do? 'Cause cruelty wins in the movies I've got a hundred thrown-out speeches I almost said to you  Easy they come, easy they go I jump from the train, I ride off alone I never grew up, it's getting so old Help me hold on to you I've been the archer, I've been the prey Who could ever leave me, darling But who could stay?  Dark side, I search for your dark side But what if I'm alright, right, right, right here? And I cut off my nose just to spite my face Then I hate my reflection for years and years  I wake in the night, I pace like a ghost The room is on fire, invisible smoke And all of my heroes die all alone Help me hold on to you  I've been the archer, I've been the prey Screaming, who could ever leave me, darling But who could stay? (I see right through me, I see right through me)  'Cause they see right through me They see right through me They see right through Can you see right through me? They see right through They see right through me I see right through me I see right through me All the king's horses, all the king's men Couldn't put me together again 'Cause all of my enemies started out friends Help me hold on to you  I've been the archer, I've been the prey Who could ever leave me, darling But who could stay? (I see right through me, I see right through me) Who could stay? Who could stay? Who could stay? You could stay You could stay  Combat, I'm ready for combat",forbidden love,revenge empowerment
TheMan,"I would be complex, I would be cool They'd say I played the field before I found someone to commit to And that would be okay for me to do Every conquest I had made would make me more of a boss to you  I’d be a fearless leader, I'd be an alpha type When everyone believes ya, what's that like?  I’m so sick of running as fast as I can Wonderin' if I'd get there quicker if I was a man And I'm so sick of them comin' at me again 'Cause if I was a man, then I'd be the man I'd be the man (Man) I’d be the man (Man) They’d say I hustled, put in the work They wouldn't shake their heads and question how much of this I deserve What I was wearing, if I was rude Could all be separated from my good ideas and power moves  And they would toast to me, oh (Ayy), let the players play I’d be just like Leo in Saint-Tropez  I'm so sick of running as fast as I can Wonderin' if I'd get there quicker if I was a man And I’m so sick of them comin' at me again 'Cause if I was a man, then I'd be the man I'd be the man (Man) I'd be the man (Man)  What's it like to brag about raking in dollars And getting bitches and models? And it's all good if you're bad And it's okay if you're mad If I was out flashin' my dollars I'd be a bitch, not a baller They'd paint me out to be bad So it's okay that I'm mad I'm so sick of running as fast as I can Wonderin' if I'd get there quicker if I was a man (You know that) And I'm so sick of them comin' at me again (Comin' at me again) 'Cause if I was a man (If I was a man), then I'd be the man (Then I'd be the man) I'm so sick of running as fast as I can (As fast as I can) Wonderin' if I'd get there quicker if I was a man (Hey) And I'm so sick of them comin' at me again (Comin' at me again) 'Cause if I was a man (If I was a man), then I'd be the man I'd be the man (Man) I'd be the man (Man, oh) I'd be the man (Man, yeah) I'd be the man (Man, I'd be the man)  If I was a man Then I'd be the man",unrelated to love,revenge empowerment
YouNeedToCalmDown,"You are somebody that I don't know But you're takin' shots at me like it's Patrón And I'm just like, damn, it's 7 AM Say it in the street, that's a knock-out But you say it in a Tweet, that's a cop-out And I'm just like, ""Hey, are you okay?""  And I ain't tryna mess with your self-expression But I've learned a lesson that stressin' and obsessin' 'bout somebody else is no fun And snakes and stones never broke my bones So oh-oh, oh-oh, oh-oh, oh-oh, oh-oh You need to calm down, you're being too loud And I'm just like oh-oh, oh-oh, oh-oh, oh-oh, oh-oh (Oh) You need to just stop, like can you just not step on my gown? You need to calm down  You are somebody that we don't know But you're comin' at my friends like a missile Why are you mad when you could be GLAAD? (You could be GLAAD) Sunshine on the street at the parade But you would rather be in the dark ages Makin' that sign must've taken all night  You just need to take several seats and then try to restore the peace And control your urges to scream about all the people you hate 'Cause shade never made anybody less gay  So oh-oh, oh-oh, oh-oh, oh-oh, oh-oh You need to calm down, you're being too loud And I'm just like oh-oh, oh-oh, oh-oh, oh-oh, oh-oh (Oh) You need to just stop, like can you just not step on his gown? You need to calm down And we see you over there on the internet Comparing all the girls who are killing it But we figured you out We all know now we all got crowns You need to calm down  Oh-oh, oh-oh, oh-oh, oh-oh, oh-oh You need to calm down (You need to calm down) You're being too loud (You're being too loud) And I'm just like oh-oh, oh-oh, oh-oh, oh-oh, oh-oh (Oh) You need to just stop (Can you stop?) Like can you just not step on our gowns? You need to calm down1",unrelated to love,revenge empowerment
